Ticker,Timestamp,Price,Size,Exchange
ARE,2025-04-24 16:08:26.092542+00:00,77.265,2.0,V
AXP,2025-04-24 16:08:26.138338+00:00,265.19,45.0,V
AXP,2025-04-24 16:08:26.138617+00:00,265.19,25.0,V
ARE,2025-04-24 16:08:26.159340+00:00,77.27,1.0,V
AKAM,2025-04-24 16:08:26.194472+00:00,77.92,16.0,V
ABNB,2025-04-24 16:08:26.221289+00:00,120.39,50.0,V
ABNB,2025-04-24 16:08:26.221627+00:00,120.4,100.0,V
ABNB,2025-04-24 16:08:26.222318+00:00,120.4,2.0,V
AMZN,2025-04-24 16:08:26.322126+00:00,184.43,100.0,V
GOOG,2025-04-24 16:08:26.326117+00:00,160.19,63.0,V
GOOGL,2025-04-24 16:08:26.682686+00:00,157.955,100.0,V
ACN,2025-04-24 16:08:27.188646+00:00,289.795,1.0,V
MO,2025-04-24 16:08:27.188238+00:00,58.53,100.0,V
AEP,2025-04-24 16:08:27.345782+00:00,107.065,341.0,V
AEP,2025-04-24 16:08:27.346518+00:00,107.05,414.0,V
AMZN,2025-04-24 16:08:27.552808+00:00,184.37,100.0,V
GOOGL,2025-04-24 16:08:27.654053+00:00,157.93,93.0,V
AMD,2025-04-24 16:08:28.205969+00:00,93.38,38.0,V
MO,2025-04-24 16:08:28.372175+00:00,58.53,50.0,V
GOOG,2025-04-24 16:08:32.453281+00:00,160.14,100.0,V
ADBE,2025-04-24 16:08:32.664486+00:00,358.51,100.0,V
ADBE,2025-04-24 16:08:32.665059+00:00,358.51,70.0,V
AMD,2025-04-24 16:08:33.425566+00:00,93.38,100.0,V
MMM,2025-04-24 16:08:34.058391+00:00,138.545,4.0,V
MMM,2025-04-24 16:08:34.058424+00:00,138.545,4.0,V
MMM,2025-04-24 16:08:34.058908+00:00,138.545,10.0,V
GOOG,2025-04-24 16:08:34.856475+00:00,160.14,100.0,V
GOOGL,2025-04-24 16:08:36.278813+00:00,157.9,1.0,V
AMZN,2025-04-24 16:08:36.295550+00:00,184.295,2.0,V
AXP,2025-04-24 16:08:36.343342+00:00,265.18,1.0,V
AMT,2025-04-24 16:08:36.357003+00:00,214.0,100.0,V
AMT,2025-04-24 16:08:36.357406+00:00,214.0,100.0,V
ABBV,2025-04-24 16:08:36.357743+00:00,180.2,100.0,V
AMT,2025-04-24 16:08:36.370249+00:00,214.0,20.0,V
AMT,2025-04-24 16:08:36.370262+00:00,213.99,80.0,V
AMD,2025-04-24 16:08:36.439930+00:00,93.325,70.0,V
MMM,2025-04-24 16:08:36.580551+00:00,138.53,125.0,V
MMM,2025-04-24 16:08:36.580591+00:00,138.54,100.0,V
MMM,2025-04-24 16:08:36.580624+00:00,138.54,57.0,V
AMT,2025-04-24 16:08:36.647611+00:00,213.99,20.0,V
AFL,2025-04-24 16:08:36.861532+00:00,108.42,100.0,V
AIG,2025-04-24 16:08:36.863168+00:00,82.27,54.0,V
AEE,2025-04-24 16:08:36.957974+00:00,99.19,100.0,V
AMT,2025-04-24 16:08:36.983496+00:00,213.93,1.0,V
AMT,2025-04-24 16:08:36.986990+00:00,213.9,46.0,V
AMT,2025-04-24 16:08:37.451259+00:00,213.9,14.0,V
AMT,2025-04-24 16:08:38.074498+00:00,213.92,100.0,V
AMT,2025-04-24 16:08:38.074498+00:00,213.93,50.0,V
AMT,2025-04-24 16:08:38.074516+00:00,213.93,100.0,V
AMT,2025-04-24 16:08:38.074516+00:00,213.93,100.0,V
AMT,2025-04-24 16:08:38.074528+00:00,213.935,100.0,V
AMT,2025-04-24 16:08:38.191753+00:00,214.0,14.0,V
AMT,2025-04-24 16:08:38.191753+00:00,214.0,100.0,V
AMT,2025-04-24 16:08:38.191753+00:00,214.0,100.0,V
AMT,2025-04-24 16:08:38.191756+00:00,214.0,4.0,V
AMT,2025-04-24 16:08:38.191771+00:00,214.0,100.0,V
AMD,2025-04-24 16:08:38.239119+00:00,93.32,100.0,V
AMD,2025-04-24 16:08:38.239161+00:00,93.32,6.0,V
AMT,2025-04-24 16:08:38.257134+00:00,214.0,23.0,V
AMT,2025-04-24 16:08:38.554770+00:00,213.97,100.0,V
AMT,2025-04-24 16:08:38.554785+00:00,213.97,100.0,V
AMT,2025-04-24 16:08:38.554788+00:00,213.96,100.0,V
AMT,2025-04-24 16:08:38.554788+00:00,213.96,100.0,V
ABBV,2025-04-24 16:08:42.301228+00:00,180.14,50.0,V
ABBV,2025-04-24 16:08:42.301388+00:00,180.14,1.0,V
ABBV,2025-04-24 16:08:42.303198+00:00,180.04,4.0,V
ABBV,2025-04-24 16:08:42.303661+00:00,180.1,50.0,V
ABBV,2025-04-24 16:08:42.303865+00:00,180.1,50.0,V
GOOGL,2025-04-24 16:08:42.513751+00:00,157.9,54.0,V
GOOGL,2025-04-24 16:08:42.821449+00:00,157.87,1.0,V
AMD,2025-04-24 16:08:42.995984+00:00,93.31,100.0,V
ABNB,2025-04-24 16:08:42.997879+00:00,120.31,244.0,V
ABNB,2025-04-24 16:08:42.998001+00:00,120.31,3.0,V
AMZN,2025-04-24 16:08:43.126509+00:00,184.24,22.0,V
AMZN,2025-04-24 16:08:43.126520+00:00,184.24,78.0,V
AMT,2025-04-24 16:08:43.128698+00:00,213.96,100.0,V
AMT,2025-04-24 16:08:43.128734+00:00,213.96,100.0,V
AMT,2025-04-24 16:08:43.128794+00:00,213.96,100.0,V
AMT,2025-04-24 16:08:43.129318+00:00,213.96,100.0,V
AMT,2025-04-24 16:08:43.129393+00:00,213.96,100.0,V
AMT,2025-04-24 16:08:43.129880+00:00,213.96,100.0,V
AMCR,2025-04-24 16:08:43.129898+00:00,9.615,6.0,V
AMCR,2025-04-24 16:08:43.129904+00:00,9.615,194.0,V
AMT,2025-04-24 16:08:43.130343+00:00,213.96,100.0,V
AMZN,2025-04-24 16:08:43.354002+00:00,184.24,2.0,V
AES,2025-04-24 16:08:43.356292+00:00,10.27,11.0,V
ABT,2025-04-24 16:08:43.358141+00:00,129.8,1.0,V
ABT,2025-04-24 16:08:43.358162+00:00,129.8,1.0,V
AMT,2025-04-24 16:08:43.380475+00:00,213.96,100.0,V
ABBV,2025-04-24 16:08:43.771328+00:00,180.035,100.0,V
AIG,2025-04-24 16:08:44.962798+00:00,82.26,62.0,V
AMZN,2025-04-24 16:08:45.685105+00:00,184.27,5.0,V
GOOGL,2025-04-24 16:08:46.005697+00:00,157.88,2.0,V
AXP,2025-04-24 16:08:46.541279+00:00,265.06,2.0,V
GOOGL,2025-04-24 16:08:47.101540+00:00,157.89,100.0,V
AMZN,2025-04-24 16:08:49.422782+00:00,184.24,2.0,V
AMT,2025-04-24 16:08:49.700109+00:00,213.91,10.0,V
ALL,2025-04-24 16:08:49.756433+00:00,194.55,1.0,V
ALL,2025-04-24 16:08:49.756472+00:00,194.55,1.0,V
ALL,2025-04-24 16:08:49.756482+00:00,194.55,1.0,V
AMT,2025-04-24 16:08:50.174460+00:00,213.93,7.0,V
AMT,2025-04-24 16:08:50.186745+00:00,213.93,23.0,V
AMT,2025-04-24 16:08:50.186775+00:00,213.94,77.0,V
ALL,2025-04-24 16:08:51.524667+00:00,194.56,50.0,V
AMZN,2025-04-24 16:08:51.537015+00:00,184.25,100.0,V
ALL,2025-04-24 16:08:51.660320+00:00,194.505,74.0,V
ALL,2025-04-24 16:08:51.665744+00:00,194.505,1.0,V
ALL,2025-04-24 16:08:51.670228+00:00,194.525,25.0,V
ALL,2025-04-24 16:08:51.670228+00:00,194.525,48.0,V
MMM,2025-04-24 16:08:51.821402+00:00,138.535,3.0,V
GOOGL,2025-04-24 16:08:53.188961+00:00,157.88,100.0,V
MMM,2025-04-24 16:08:53.981621+00:00,138.535,3.0,V
GOOGL,2025-04-24 16:08:54.223990+00:00,157.875,17.0,V
AMD,2025-04-24 16:08:54.453001+00:00,93.31,100.0,V
GOOG,2025-04-24 16:08:54.961081+00:00,160.11,20.0,V
AMT,2025-04-24 16:08:55.226767+00:00,213.89,30.0,V
AMT,2025-04-24 16:08:55.226788+00:00,213.9,70.0,V
ABBV,2025-04-24 16:08:55.904932+00:00,179.97,100.0,V
ABT,2025-04-24 16:08:56.097657+00:00,129.825,1.0,V
MMM,2025-04-24 16:08:56.472552+00:00,138.535,1.0,V
GOOG,2025-04-24 16:08:58.016074+00:00,160.09,100.0,V
GOOG,2025-04-24 16:08:58.122377+00:00,160.1,9.0,V
GOOGL,2025-04-24 16:08:58.909885+00:00,157.86,100.0,V
GOOGL,2025-04-24 16:08:58.919470+00:00,157.86,200.0,V
GOOGL,2025-04-24 16:08:59.613158+00:00,157.87,100.0,V
GOOGL,2025-04-24 16:08:59.613170+00:00,157.87,1.0,V
GOOGL,2025-04-24 16:08:59.613247+00:00,157.87,41.0,V
GOOGL,2025-04-24 16:08:59.613288+00:00,157.87,1.0,V
MO,2025-04-24 16:09:00.013300+00:00,58.51,100.0,V
MO,2025-04-24 16:09:00.013907+00:00,58.51,180.0,V
MMM,2025-04-24 16:09:00.505939+00:00,138.5,100.0,V
MMM,2025-04-24 16:09:00.506412+00:00,138.5,20.0,V
APD,2025-04-24 16:09:01.083732+00:00,266.99,10.0,V
AMZN,2025-04-24 16:09:02.090284+00:00,184.27,1.0,V
AFL,2025-04-24 16:09:02.722473+00:00,108.45,15.0,V
AFL,2025-04-24 16:09:02.722620+00:00,108.45,2.0,V
AFL,2025-04-24 16:09:02.735344+00:00,108.49,16.0,V
AFL,2025-04-24 16:09:02.735347+00:00,108.49,14.0,V
AFL,2025-04-24 16:09:02.735368+00:00,108.49,2.0,V
AFL,2025-04-24 16:09:02.739109+00:00,108.5,1.0,V
GOOG,2025-04-24 16:09:03.406776+00:00,160.15,1.0,V
AMD,2025-04-24 16:09:05.054037+00:00,93.32,1.0,V
ACN,2025-04-24 16:09:07.463522+00:00,289.805,10.0,V
GOOGL,2025-04-24 16:09:08.335766+00:00,157.895,35.0,V
AEP,2025-04-24 16:09:08.490275+00:00,107.06,153.0,V
ALB,2025-04-24 16:09:09.286117+00:00,57.64,156.0,V
ABT,2025-04-24 16:09:11.392798+00:00,129.835,100.0,V
AMZN,2025-04-24 16:09:11.409636+00:00,184.265,23.0,V
GOOGL,2025-04-24 16:09:12.318944+00:00,157.85,100.0,V
GOOGL,2025-04-24 16:09:12.326577+00:00,157.85,57.0,V
GOOGL,2025-04-24 16:09:12.432379+00:00,157.85,100.0,V
AMZN,2025-04-24 16:09:12.514048+00:00,184.24,100.0,V
AMZN,2025-04-24 16:09:12.514095+00:00,184.22,100.0,V
GOOGL,2025-04-24 16:09:13.867442+00:00,157.85,12.0,V
GOOGL,2025-04-24 16:09:15.892903+00:00,157.845,3.0,V
ADBE,2025-04-24 16:09:15.946043+00:00,358.24,2.0,V
ADBE,2025-04-24 16:09:15.946073+00:00,358.23,15.0,V
AMD,2025-04-24 16:09:15.960947+00:00,93.29,100.0,V
AMD,2025-04-24 16:09:15.960963+00:00,93.29,100.0,V
MMM,2025-04-24 16:09:16.868703+00:00,138.5,14.0,V
ABBV,2025-04-24 16:09:17.039319+00:00,180.1,100.0,V
ABBV,2025-04-24 16:09:17.298620+00:00,180.08,25.0,V
ABBV,2025-04-24 16:09:17.298644+00:00,180.07,75.0,V
AMZN,2025-04-24 16:09:17.392064+00:00,184.22,1.0,V
GOOGL,2025-04-24 16:09:17.584568+00:00,157.845,299.0,V
MO,2025-04-24 16:09:20.699319+00:00,58.53,100.0,V
AMZN,2025-04-24 16:09:21.713254+00:00,184.21,1.0,V
AMZN,2025-04-24 16:09:21.713266+00:00,184.21,19.0,V
AMZN,2025-04-24 16:09:22.434037+00:00,184.19,120.0,V
AMD,2025-04-24 16:09:22.880902+00:00,93.32,76.0,V
AEP,2025-04-24 16:09:24.038137+00:00,107.08,9.0,V
GOOGL,2025-04-24 16:09:24.107238+00:00,157.84,9.0,V
ABT,2025-04-24 16:09:24.816237+00:00,129.835,100.0,V
AMZN,2025-04-24 16:09:25.079286+00:00,184.17,4.0,V
AMZN,2025-04-24 16:09:25.079303+00:00,184.17,1.0,V
AMZN,2025-04-24 16:09:25.184756+00:00,184.18,60.0,V
ABBV,2025-04-24 16:09:25.492646+00:00,180.07,4.0,V
AMZN,2025-04-24 16:09:25.691184+00:00,184.17,1.0,V
AMZN,2025-04-24 16:09:27.105756+00:00,184.125,100.0,V
GOOGL,2025-04-24 16:09:27.148094+00:00,157.82,100.0,V
GOOG,2025-04-24 16:09:27.257194+00:00,160.04,100.0,V
GOOG,2025-04-24 16:09:27.257210+00:00,160.04,10.0,V
GOOG,2025-04-24 16:09:27.257214+00:00,160.04,10.0,V
ADBE,2025-04-24 16:09:27.276053+00:00,358.09,31.0,V
AFL,2025-04-24 16:09:28.740870+00:00,108.49,38.0,V
AFL,2025-04-24 16:09:28.748764+00:00,108.49,2.0,V
GOOGL,2025-04-24 16:09:30.278912+00:00,157.82,1.0,V
AFL,2025-04-24 16:09:30.924067+00:00,108.51,38.0,V
GOOGL,2025-04-24 16:09:31.604882+00:00,157.84,1.0,V
MO,2025-04-24 16:09:31.711617+00:00,58.53,1.0,V
AMD,2025-04-24 16:09:31.716305+00:00,93.31,100.0,V
AIG,2025-04-24 16:09:31.732868+00:00,82.26,100.0,V
AIG,2025-04-24 16:09:31.733334+00:00,82.27,75.0,V
AIG,2025-04-24 16:09:31.733812+00:00,82.27,25.0,V
AIG,2025-04-24 16:09:31.769203+00:00,82.26,100.0,V
ALL,2025-04-24 16:09:31.783857+00:00,194.6,1.0,V
ALL,2025-04-24 16:09:31.783873+00:00,194.6,2.0,V
GOOG,2025-04-24 16:09:33.209798+00:00,160.09,100.0,V
GOOG,2025-04-24 16:09:33.210057+00:00,160.09,100.0,V
GOOG,2025-04-24 16:09:33.210169+00:00,160.09,70.0,V
GOOG,2025-04-24 16:09:33.210230+00:00,160.09,1.0,V
GOOG,2025-04-24 16:09:33.210325+00:00,160.09,126.0,V
GOOG,2025-04-24 16:09:33.210352+00:00,160.09,3.0,V
ABNB,2025-04-24 16:09:33.212392+00:00,120.33,1.0,V
AMZN,2025-04-24 16:09:33.489531+00:00,184.17,100.0,V
AMZN,2025-04-24 16:09:34.525432+00:00,184.15,100.0,V
AMZN,2025-04-24 16:09:36.825722+00:00,184.1,1.0,V
AMZN,2025-04-24 16:09:36.825727+00:00,184.1,28.0,V
AMZN,2025-04-24 16:09:36.825732+00:00,184.1,71.0,V
ADBE,2025-04-24 16:09:37.890852+00:00,358.05,31.0,V
ADBE,2025-04-24 16:09:37.892286+00:00,358.0,69.0,V
AMZN,2025-04-24 16:09:39.142924+00:00,184.07,100.0,V
ABT,2025-04-24 16:09:39.406874+00:00,129.84,100.0,V
AMZN,2025-04-24 16:09:39.778106+00:00,184.06,100.0,V
GOOGL,2025-04-24 16:09:40.283307+00:00,157.82,34.0,V
GOOGL,2025-04-24 16:09:40.283341+00:00,157.82,9.0,V
GOOGL,2025-04-24 16:09:40.676704+00:00,157.82,100.0,V
AMZN,2025-04-24 16:09:40.676837+00:00,184.09,100.0,V
AMZN,2025-04-24 16:09:40.923512+00:00,184.12,4.0,V
AMZN,2025-04-24 16:09:41.054116+00:00,184.1,100.0,V
AIG,2025-04-24 16:09:41.818252+00:00,82.29,100.0,V
AIG,2025-04-24 16:09:41.824732+00:00,82.29,9.0,V
AIG,2025-04-24 16:09:41.846682+00:00,82.29,40.0,V
AIG,2025-04-24 16:09:41.846700+00:00,82.3,9.0,V
ABBV,2025-04-24 16:09:42.271024+00:00,180.13,24.0,V
ABBV,2025-04-24 16:09:42.271063+00:00,180.13,76.0,V
GOOGL,2025-04-24 16:09:42.612817+00:00,157.87,100.0,V
GOOGL,2025-04-24 16:09:42.625016+00:00,157.87,183.0,V
AIG,2025-04-24 16:09:42.996587+00:00,82.31,2.0,V
AMT,2025-04-24 16:09:44.460371+00:00,214.02,1.0,V
ABBV,2025-04-24 16:09:45.225126+00:00,180.17,17.0,V
ABNB,2025-04-24 16:09:45.583580+00:00,120.37,100.0,V
GOOG,2025-04-24 16:09:45.591791+00:00,160.13,100.0,V
ABBV,2025-04-24 16:09:45.597761+00:00,180.19,17.0,V
ABBV,2025-04-24 16:09:45.597791+00:00,180.19,10.0,V
ALL,2025-04-24 16:09:45.626299+00:00,194.63,2.0,V
AMZN,2025-04-24 16:09:45.794778+00:00,184.16,68.0,V
AKAM,2025-04-24 16:09:45.874716+00:00,77.9,100.0,V
GOOG,2025-04-24 16:09:46.789222+00:00,160.14,52.0,V
AMCR,2025-04-24 16:09:46.958764+00:00,9.62,13.0,V
MMM,2025-04-24 16:09:47.052235+00:00,138.64,13.0,V
AIG,2025-04-24 16:09:47.499048+00:00,82.32,1.0,V
AMZN,2025-04-24 16:09:48.284729+00:00,184.15,150.0,V
AMZN,2025-04-24 16:09:48.285419+00:00,184.15,150.0,V
AMZN,2025-04-24 16:09:48.286114+00:00,184.15,100.0,V
AXP,2025-04-24 16:09:49.828568+00:00,265.22,40.0,V
AMD,2025-04-24 16:09:49.849077+00:00,93.35,100.0,V
AMD,2025-04-24 16:09:49.851820+00:00,93.35,100.0,V
AMZN,2025-04-24 16:09:49.907915+00:00,184.14,35.0,V
AIG,2025-04-24 16:09:50.289688+00:00,82.31,10.0,V
AEP,2025-04-24 16:09:50.606591+00:00,107.08,100.0,V
AEP,2025-04-24 16:09:50.607113+00:00,107.08,100.0,V
GOOGL,2025-04-24 16:09:51.138964+00:00,157.86,10.0,V
AKAM,2025-04-24 16:09:51.902711+00:00,77.91,3.0,V
AMZN,2025-04-24 16:09:52.780070+00:00,184.19,40.0,V
AMZN,2025-04-24 16:09:53.502734+00:00,184.205,100.0,V
MMM,2025-04-24 16:09:54.001143+00:00,138.64,8.0,V
AMD,2025-04-24 16:09:54.126747+00:00,93.33,20.0,V
ABT,2025-04-24 16:09:54.201476+00:00,129.84,100.0,V
AKAM,2025-04-24 16:09:54.925901+00:00,77.87,1.0,V
AMD,2025-04-24 16:09:55.091792+00:00,93.31,100.0,V
AMD,2025-04-24 16:09:55.091803+00:00,93.31,60.0,V
ALLE,2025-04-24 16:09:55.479680+00:00,138.34,5.0,V
GOOGL,2025-04-24 16:09:56.018874+00:00,157.835,14.0,V
GOOGL,2025-04-24 16:09:56.405945+00:00,157.82,100.0,V
GOOGL,2025-04-24 16:09:56.405959+00:00,157.82,100.0,V
GOOGL,2025-04-24 16:09:56.405959+00:00,157.82,50.0,V
GOOGL,2025-04-24 16:09:56.408498+00:00,157.82,100.0,V
GOOGL,2025-04-24 16:09:56.426911+00:00,157.825,200.0,V
GOOGL,2025-04-24 16:09:56.530061+00:00,157.825,100.0,V
GOOGL,2025-04-24 16:09:56.641578+00:00,157.825,100.0,V
GOOGL,2025-04-24 16:09:56.661712+00:00,157.825,7.0,V
GOOGL,2025-04-24 16:09:56.755971+00:00,157.825,100.0,V
AMCR,2025-04-24 16:09:56.778777+00:00,9.62,9.0,V
GOOGL,2025-04-24 16:09:56.859616+00:00,157.825,100.0,V
GOOGL,2025-04-24 16:09:56.970758+00:00,157.825,100.0,V
GOOGL,2025-04-24 16:09:57.104495+00:00,157.82,193.0,V
ABBV,2025-04-24 16:09:58.436570+00:00,180.18,100.0,V
GOOG,2025-04-24 16:09:59.951294+00:00,160.055,5.0,V
ABBV,2025-04-24 16:10:00.079350+00:00,180.18,16.0,V
AEE,2025-04-24 16:10:00.344382+00:00,99.14,1.0,V
AEE,2025-04-24 16:10:00.344575+00:00,99.14,1.0,V
AEE,2025-04-24 16:10:00.345621+00:00,99.12,40.0,V
LNT,2025-04-24 16:10:00.347219+00:00,61.33,2.0,V
AFL,2025-04-24 16:10:00.373750+00:00,108.49,137.0,V
ALGN,2025-04-24 16:10:00.384338+00:00,181.7,25.0,V
ALGN,2025-04-24 16:10:00.385075+00:00,181.7,25.0,V
ALGN,2025-04-24 16:10:00.385563+00:00,181.74,7.0,V
ALGN,2025-04-24 16:10:00.385638+00:00,181.75,25.0,V
ALGN,2025-04-24 16:10:00.385686+00:00,181.75,50.0,V
ALGN,2025-04-24 16:10:00.387058+00:00,181.75,25.0,V
ALGN,2025-04-24 16:10:00.387720+00:00,181.75,25.0,V
ALGN,2025-04-24 16:10:00.388361+00:00,181.79,1.0,V
ALGN,2025-04-24 16:10:00.397020+00:00,181.83,10.0,V
ALGN,2025-04-24 16:10:00.397176+00:00,181.83,1.0,V
ALGN,2025-04-24 16:10:00.397184+00:00,181.83,5.0,V
ALGN,2025-04-24 16:10:00.397189+00:00,181.83,4.0,V
ALGN,2025-04-24 16:10:00.397529+00:00,181.83,1.0,V
ALGN,2025-04-24 16:10:00.397555+00:00,181.83,99.0,V
ALGN,2025-04-24 16:10:00.401199+00:00,181.825,1.0,V
ALGN,2025-04-24 16:10:00.882249+00:00,181.83,40.0,V
ALGN,2025-04-24 16:10:00.882265+00:00,181.83,6.0,V
GOOGL,2025-04-24 16:10:01.101789+00:00,157.83,6.0,V
AXP,2025-04-24 16:10:01.335553+00:00,265.13,1.0,V
ABBV,2025-04-24 16:10:02.258656+00:00,180.23,3.0,V
AMZN,2025-04-24 16:10:05.023382+00:00,184.19,100.0,V
ALL,2025-04-24 16:10:05.292400+00:00,194.59,50.0,V
ALL,2025-04-24 16:10:05.292422+00:00,194.58,20.0,V
MMM,2025-04-24 16:10:06.173821+00:00,138.69,5.0,V
ABT,2025-04-24 16:10:07.763335+00:00,129.84,100.0,V
AES,2025-04-24 16:10:08.774485+00:00,10.275,100.0,V
MO,2025-04-24 16:10:09.092487+00:00,58.55,46.0,V
GOOGL,2025-04-24 16:10:09.257921+00:00,157.855,100.0,V
MMM,2025-04-24 16:10:11.276008+00:00,138.64,150.0,V
MMM,2025-04-24 16:10:11.276026+00:00,138.64,100.0,V
MMM,2025-04-24 16:10:11.276029+00:00,138.64,40.0,V
AKAM,2025-04-24 16:10:11.611738+00:00,77.92,100.0,V
AMT,2025-04-24 16:10:11.758310+00:00,213.95,100.0,V
AMT,2025-04-24 16:10:11.758317+00:00,213.95,30.0,V
AMT,2025-04-24 16:10:11.758317+00:00,213.95,100.0,V
AMZN,2025-04-24 16:10:11.966767+00:00,184.25,10.0,V
GOOGL,2025-04-24 16:10:12.265895+00:00,157.86,100.0,V
AMZN,2025-04-24 16:10:13.993181+00:00,184.26,100.0,V
GOOG,2025-04-24 16:10:13.993441+00:00,160.13,70.0,V
GOOG,2025-04-24 16:10:13.993642+00:00,160.13,70.0,V
ALGN,2025-04-24 16:10:14.004867+00:00,181.9,1.0,V
ALGN,2025-04-24 16:10:14.004875+00:00,181.92,49.0,V
ALGN,2025-04-24 16:10:14.020230+00:00,181.91,50.0,V
ALGN,2025-04-24 16:10:14.020585+00:00,181.92,50.0,V
AMZN,2025-04-24 16:10:14.171327+00:00,184.27,100.0,V
MMM,2025-04-24 16:10:15.376560+00:00,138.68,1.0,V
ALGN,2025-04-24 16:10:15.820560+00:00,181.96,60.0,V
ABT,2025-04-24 16:10:16.356556+00:00,129.84,1.0,V
AMD,2025-04-24 16:10:17.134504+00:00,93.37,1.0,V
AMD,2025-04-24 16:10:17.144163+00:00,93.38,28.0,V
GOOGL,2025-04-24 16:10:17.945445+00:00,157.87,1.0,V
ABBV,2025-04-24 16:10:18.434206+00:00,180.23,3.0,V
AIG,2025-04-24 16:10:19.167780+00:00,82.31,18.0,V
MMM,2025-04-24 16:10:19.656252+00:00,138.65,1.0,V
MMM,2025-04-24 16:10:19.658775+00:00,138.665,1.0,V
GOOG,2025-04-24 16:10:20.102928+00:00,160.125,100.0,V
AMD,2025-04-24 16:10:20.261867+00:00,93.35,5.0,V
GOOGL,2025-04-24 16:10:20.340427+00:00,157.86,100.0,V
MO,2025-04-24 16:10:20.748464+00:00,58.54,10.0,V
AMZN,2025-04-24 16:10:21.283519+00:00,184.23,60.0,V
GOOGL,2025-04-24 16:10:21.617976+00:00,157.88,100.0,V
ABT,2025-04-24 16:10:22.417143+00:00,129.84,100.0,V
AMZN,2025-04-24 16:10:22.877301+00:00,184.27,100.0,V
GOOG,2025-04-24 16:10:22.887076+00:00,160.13,30.0,V
GOOG,2025-04-24 16:10:22.887087+00:00,160.13,70.0,V
ARE,2025-04-24 16:10:22.946191+00:00,77.28,23.0,V
MO,2025-04-24 16:10:23.034033+00:00,58.54,28.0,V
MO,2025-04-24 16:10:23.034087+00:00,58.54,170.0,V
AMD,2025-04-24 16:10:23.776289+00:00,93.37,30.0,V
AMT,2025-04-24 16:10:24.726497+00:00,213.96,10.0,V
AMT,2025-04-24 16:10:24.726548+00:00,213.96,19.0,V
AMZN,2025-04-24 16:10:24.936036+00:00,184.255,82.0,V
GOOG,2025-04-24 16:10:26.438582+00:00,160.125,100.0,V
MMM,2025-04-24 16:10:27.067718+00:00,138.645,10.0,V
MMM,2025-04-24 16:10:27.067721+00:00,138.65,6.0,V
GOOG,2025-04-24 16:10:28.483858+00:00,160.13,100.0,V
ABBV,2025-04-24 16:10:28.918634+00:00,180.17,100.0,V
GOOG,2025-04-24 16:10:30.747509+00:00,160.125,100.0,V
GOOG,2025-04-24 16:10:31.016858+00:00,160.14,32.0,V
AMCR,2025-04-24 16:10:31.255061+00:00,9.62,3.0,V
ADBE,2025-04-24 16:10:31.974162+00:00,358.25,100.0,V
GOOG,2025-04-24 16:10:31.976983+00:00,160.14,9.0,V
GOOG,2025-04-24 16:10:31.977012+00:00,160.14,3.0,V
MMM,2025-04-24 16:10:32.005235+00:00,138.665,10.0,V
ABBV,2025-04-24 16:10:32.446607+00:00,180.14,50.0,V
AMD,2025-04-24 16:10:33.138807+00:00,93.42,100.0,V
GOOGL,2025-04-24 16:10:33.771874+00:00,157.87,100.0,V
GOOG,2025-04-24 16:10:33.772128+00:00,160.11,9.0,V
AMT,2025-04-24 16:10:34.208710+00:00,213.96,10.0,V
AMT,2025-04-24 16:10:34.310190+00:00,213.96,10.0,V
ADBE,2025-04-24 16:10:34.458003+00:00,358.21,25.0,V
ABT,2025-04-24 16:10:35.093244+00:00,129.77,3.0,V
ABT,2025-04-24 16:10:35.093244+00:00,129.77,9.0,V
ABT,2025-04-24 16:10:35.094564+00:00,129.76,16.0,V
ABT,2025-04-24 16:10:35.094603+00:00,129.76,20.0,V
MO,2025-04-24 16:10:36.517723+00:00,58.54,18.0,V
MO,2025-04-24 16:10:36.517741+00:00,58.54,82.0,V
AMD,2025-04-24 16:10:36.745360+00:00,93.4,100.0,V
AMD,2025-04-24 16:10:36.745395+00:00,93.4,5.0,V
A,2025-04-24 16:10:37.024957+00:00,105.95,100.0,V
AKAM,2025-04-24 16:10:37.057378+00:00,77.91,10.0,V
GOOG,2025-04-24 16:10:37.604440+00:00,160.09,10.0,V
GOOG,2025-04-24 16:10:37.604463+00:00,160.09,100.0,V
MMM,2025-04-24 16:10:37.822482+00:00,138.65,1.0,V
MMM,2025-04-24 16:10:37.822486+00:00,138.64,100.0,V
MMM,2025-04-24 16:10:37.822486+00:00,138.63,199.0,V
GOOGL,2025-04-24 16:10:37.996537+00:00,157.86,100.0,V
GOOG,2025-04-24 16:10:37.999552+00:00,160.1,100.0,V
AXP,2025-04-24 16:10:40.420362+00:00,265.3,10.0,V
AMT,2025-04-24 16:10:41.058628+00:00,213.96,19.0,V
MMM,2025-04-24 16:10:41.155799+00:00,138.665,6.0,V
AMZN,2025-04-24 16:10:41.191561+00:00,184.26,20.0,V
GOOG,2025-04-24 16:10:41.335191+00:00,160.13,100.0,V
GOOG,2025-04-24 16:10:41.335209+00:00,160.13,100.0,V
ABBV,2025-04-24 16:10:41.345932+00:00,180.19,13.0,V
AMZN,2025-04-24 16:10:41.346427+00:00,184.275,100.0,V
GOOG,2025-04-24 16:10:42.026998+00:00,160.11,3.0,V
MMM,2025-04-24 16:10:42.102649+00:00,138.665,1.0,V
AMD,2025-04-24 16:10:42.503879+00:00,93.395,50.0,V
ABNB,2025-04-24 16:10:42.833696+00:00,120.45,40.0,V
GOOGL,2025-04-24 16:10:42.853127+00:00,157.88,100.0,V
MO,2025-04-24 16:10:43.159626+00:00,58.55,6.0,V
AMZN,2025-04-24 16:10:43.174790+00:00,184.285,100.0,V
GOOGL,2025-04-24 16:10:43.591801+00:00,157.89,1.0,V
AMD,2025-04-24 16:10:43.621751+00:00,93.4,15.0,V
AKAM,2025-04-24 16:10:44.073541+00:00,77.92,4.0,V
GOOGL,2025-04-24 16:10:45.797621+00:00,157.88,18.0,V
AEP,2025-04-24 16:10:45.867716+00:00,107.02,10.0,V
AEP,2025-04-24 16:10:45.868173+00:00,107.01,39.0,V
AMD,2025-04-24 16:10:46.188303+00:00,93.37,100.0,V
AMD,2025-04-24 16:10:46.188318+00:00,93.37,100.0,V
AMD,2025-04-24 16:10:46.188318+00:00,93.37,100.0,V
AMD,2025-04-24 16:10:46.189731+00:00,93.37,100.0,V
AEE,2025-04-24 16:10:46.523041+00:00,99.11,50.0,V
LNT,2025-04-24 16:10:46.524801+00:00,61.31,1.0,V
AKAM,2025-04-24 16:10:47.709388+00:00,77.91,10.0,V
AFL,2025-04-24 16:10:47.716382+00:00,108.48,1.0,V
AFL,2025-04-24 16:10:47.716403+00:00,108.48,1.0,V
AFL,2025-04-24 16:10:47.717077+00:00,108.48,10.0,V
AMD,2025-04-24 16:10:47.827344+00:00,93.35,100.0,V
AMZN,2025-04-24 16:10:47.830861+00:00,184.25,20.0,V
AMZN,2025-04-24 16:10:47.831067+00:00,184.25,2.0,V
AMZN,2025-04-24 16:10:47.831272+00:00,184.25,6.0,V
AMZN,2025-04-24 16:10:47.831478+00:00,184.25,4.0,V
MMM,2025-04-24 16:10:47.839662+00:00,138.64,100.0,V
MMM,2025-04-24 16:10:47.839665+00:00,138.63,1.0,V
MMM,2025-04-24 16:10:47.839677+00:00,138.63,67.0,V
MMM,2025-04-24 16:10:48.031468+00:00,138.63,133.0,V
AEE,2025-04-24 16:10:49.651499+00:00,99.07,1.0,V
AMD,2025-04-24 16:10:50.805841+00:00,93.37,100.0,V
AMD,2025-04-24 16:10:50.808958+00:00,93.37,100.0,V
AMD,2025-04-24 16:10:50.827068+00:00,93.37,100.0,V
AWK,2025-04-24 16:10:51.329134+00:00,145.88,5.0,V
AWK,2025-04-24 16:10:51.329173+00:00,145.88,30.0,V
ALGN,2025-04-24 16:10:51.365629+00:00,181.94,5.0,V
A,2025-04-24 16:10:51.690038+00:00,105.9,100.0,V
AES,2025-04-24 16:10:54.093495+00:00,10.27,100.0,V
AES,2025-04-24 16:10:54.094415+00:00,10.265,200.0,V
AES,2025-04-24 16:10:54.130705+00:00,10.265,200.0,V
AXP,2025-04-24 16:10:54.374432+00:00,265.23,2.0,V
AMT,2025-04-24 16:10:54.781167+00:00,213.96,10.0,V
AMD,2025-04-24 16:10:54.947591+00:00,93.35,100.0,V
AMD,2025-04-24 16:10:54.947621+00:00,93.35,5.0,V
ALLE,2025-04-24 16:10:55.244317+00:00,138.31,1.0,V
ALLE,2025-04-24 16:10:55.244353+00:00,138.29,1.0,V
AMZN,2025-04-24 16:10:55.971080+00:00,184.28,58.0,V
AMZN,2025-04-24 16:10:56.024181+00:00,184.28,42.0,V
ALGN,2025-04-24 16:10:56.025986+00:00,181.985,100.0,V
AES,2025-04-24 16:10:56.665018+00:00,10.265,100.0,V
AES,2025-04-24 16:10:56.665920+00:00,10.265,200.0,V
AES,2025-04-24 16:10:56.671342+00:00,10.265,400.0,V
AES,2025-04-24 16:10:56.671342+00:00,10.265,200.0,V
AES,2025-04-24 16:10:56.671342+00:00,10.265,50.0,V
AES,2025-04-24 16:10:56.671345+00:00,10.265,100.0,V
AES,2025-04-24 16:10:56.715794+00:00,10.265,200.0,V
AES,2025-04-24 16:10:56.766058+00:00,10.265,100.0,V
AES,2025-04-24 16:10:56.766061+00:00,10.265,100.0,V
AES,2025-04-24 16:10:56.766519+00:00,10.265,200.0,V
AES,2025-04-24 16:10:56.766519+00:00,10.265,100.0,V
AES,2025-04-24 16:10:56.766527+00:00,10.265,200.0,V
AES,2025-04-24 16:10:56.766530+00:00,10.265,150.0,V
AES,2025-04-24 16:10:56.767023+00:00,10.265,250.0,V
AES,2025-04-24 16:10:56.767023+00:00,10.265,100.0,V
AES,2025-04-24 16:10:56.767042+00:00,10.265,200.0,V
AES,2025-04-24 16:10:56.767042+00:00,10.265,100.0,V
AES,2025-04-24 16:10:56.767502+00:00,10.265,100.0,V
AES,2025-04-24 16:10:56.767511+00:00,10.265,300.0,V
AES,2025-04-24 16:10:56.767511+00:00,10.265,200.0,V
AES,2025-04-24 16:10:56.767517+00:00,10.265,38.0,V
AES,2025-04-24 16:10:56.802661+00:00,10.265,200.0,V
AES,2025-04-24 16:10:56.803142+00:00,10.265,100.0,V
AES,2025-04-24 16:10:56.803142+00:00,10.265,200.0,V
AES,2025-04-24 16:10:56.803161+00:00,10.265,100.0,V
AES,2025-04-24 16:10:56.803161+00:00,10.265,250.0,V
AES,2025-04-24 16:10:56.866924+00:00,10.265,200.0,V
AMCR,2025-04-24 16:10:57.462479+00:00,9.62,100.0,V
AFL,2025-04-24 16:10:57.926306+00:00,108.44,5.0,V
AMZN,2025-04-24 16:11:00.613805+00:00,184.275,100.0,V
AMT,2025-04-24 16:11:00.681140+00:00,213.96,10.0,V
AMT,2025-04-24 16:11:00.681180+00:00,213.96,3.0,V
MO,2025-04-24 16:11:00.772232+00:00,58.54,18.0,V
APD,2025-04-24 16:11:01.053724+00:00,266.68,2.0,V
APD,2025-04-24 16:11:01.054413+00:00,266.79,1.0,V
APD,2025-04-24 16:11:01.054425+00:00,266.82,24.0,V
AFL,2025-04-24 16:11:01.825655+00:00,108.44,11.0,V
ALB,2025-04-24 16:11:02.752070+00:00,57.62,100.0,V
GOOG,2025-04-24 16:11:03.075241+00:00,160.1,21.0,V
GOOG,2025-04-24 16:11:03.075259+00:00,160.1,100.0,V
GOOG,2025-04-24 16:11:03.075381+00:00,160.1,79.0,V
AMT,2025-04-24 16:11:03.843823+00:00,213.96,50.0,V
AMZN,2025-04-24 16:11:06.810268+00:00,184.28,75.0,V
GOOGL,2025-04-24 16:11:06.843825+00:00,157.87,100.0,V
GOOGL,2025-04-24 16:11:06.843872+00:00,157.87,50.0,V
AFL,2025-04-24 16:11:08.272241+00:00,108.44,34.0,V
AFL,2025-04-24 16:11:08.272292+00:00,108.43,16.0,V
ADBE,2025-04-24 16:11:08.840136+00:00,358.23,3.0,V
GOOG,2025-04-24 16:11:11.308407+00:00,160.1,5.0,V
AMT,2025-04-24 16:11:12.575929+00:00,213.92,1.0,V
MO,2025-04-24 16:11:12.838190+00:00,58.525,100.0,V
AMD,2025-04-24 16:11:12.874176+00:00,93.36,22.0,V
AMD,2025-04-24 16:11:12.874352+00:00,93.36,100.0,V
AMZN,2025-04-24 16:11:12.876360+00:00,184.25,1.0,V
AMZN,2025-04-24 16:11:12.876392+00:00,184.25,1.0,V
AXP,2025-04-24 16:11:12.878409+00:00,265.25,57.0,V
GOOGL,2025-04-24 16:11:13.315441+00:00,157.85,15.0,V
MO,2025-04-24 16:11:13.418167+00:00,58.53,100.0,V
GOOG,2025-04-24 16:11:14.149073+00:00,160.1,100.0,V
AMD,2025-04-24 16:11:14.441628+00:00,93.35,100.0,V
GOOGL,2025-04-24 16:11:15.051930+00:00,157.88,17.0,V
AES,2025-04-24 16:11:15.082510+00:00,10.265,100.0,V
AES,2025-04-24 16:11:15.082675+00:00,10.265,100.0,V
AES,2025-04-24 16:11:15.122316+00:00,10.265,100.0,V
AES,2025-04-24 16:11:15.122337+00:00,10.265,100.0,V
GOOGL,2025-04-24 16:11:15.464361+00:00,157.88,100.0,V
AXP,2025-04-24 16:11:16.335213+00:00,265.24,1.0,V
AMZN,2025-04-24 16:11:17.358024+00:00,184.26,12.0,V
AMT,2025-04-24 16:11:17.406981+00:00,213.96,10.0,V
AMT,2025-04-24 16:11:17.406996+00:00,213.96,1.0,V
GOOGL,2025-04-24 16:11:17.471122+00:00,157.85,3.0,V
GOOGL,2025-04-24 16:11:17.471139+00:00,157.85,1.0,V
GOOGL,2025-04-24 16:11:17.471154+00:00,157.85,1.0,V
AMD,2025-04-24 16:11:17.860800+00:00,93.35,9.0,V
A,2025-04-24 16:11:18.242339+00:00,105.9,100.0,V
AMD,2025-04-24 16:11:18.445542+00:00,93.34,100.0,V
AMZN,2025-04-24 16:11:18.985728+00:00,184.27,5.0,V
ABT,2025-04-24 16:11:21.182134+00:00,129.72,6.0,V
ABT,2025-04-24 16:11:21.183002+00:00,129.7,13.0,V
AMCR,2025-04-24 16:11:21.470986+00:00,9.615,100.0,V
MMM,2025-04-24 16:11:22.497534+00:00,138.63,1.0,V
MO,2025-04-24 16:11:22.647853+00:00,58.53,8.0,V
MO,2025-04-24 16:11:22.647853+00:00,58.53,42.0,V
AEP,2025-04-24 16:11:23.578684+00:00,107.01,1.0,V
AEP,2025-04-24 16:11:23.578700+00:00,107.01,1.0,V
MO,2025-04-24 16:11:23.588760+00:00,58.53,100.0,V
MMM,2025-04-24 16:11:23.920267+00:00,138.63,33.0,V
